x1,x2,y
0.548616673,-0.351505275,1
1.465024335,-0.155912749,1
0.887746049,0.397648037,0
-0.617126647,0.926961854,0
-0.058103492,1.180591388,0
0.567664535,0.914125114,0
0.087058476,0.522415656,1
1.262810803,0.412726021,0
0.634134437,1.052591905,0
0.449070769,-0.325002622,1
0.277618279,0.632944793,0
0.958205998,-0.66399199,1
0.691675792,-0.570899651,1
0.983337296,0.480462224,0
-0.595510443,0.953590598,0
1.639200412,-0.245643172,1
0.246986465,1.178927279,0
0.793619954,0.368980839,0
0.794622116,0.410910192,0
0.393588924,-0.447595004,1
0.92622358,0.267780099,0
-0.473046517,1.329423271,0
-0.134201125,0.805858235,0
0.306338281,-0.540827548,1
0.945327059,0.193062091,0
0.035835785,1.44292766,0
1.318206465,-0.389412383,1
-0.303643176,1.175509728,0
-1.05541898,0.190251634,0
-0.959483384,0.193818698,0
-0.578608348,0.316092468,0
0.492116757,0.729291603,0
-0.186626737,0.87347758,0
0.796968665,-0.40733561,1
0.980738319,0.420199838,0
1.528530443,0.103438383,1
0.920795694,-0.636148075,1
0.864054974,0.515755293,0
-0.958748596,0.470554618,0
1.346031124,-0.225090407,1
1.840763791,0.534663011,1
-0.601264241,0.730272673,0
1.350530974,0.497081264,0
-0.587860327,0.625404591,0
1.654840267,0.289402613,1
1.921358301,0.153022994,1
1.452314823,0.417089729,0
-0.192840614,0.390195924,1
0.815010975,0.411046729,0
-0.861778789,0.285640013,0
0.215461093,1.116205957,0
0.92587981,0.213313039,0
-0.208309884,0.975747969,0
0.938758192,0.587345767,0
1.181036851,0.447431126,0
-0.743132375,0.241284742,0
-1.237629689,-0.00831022,0
0.61404991,-0.369887904,1
1.386232962,-0.374785682,1
0.315536579,0.80682002,0
1.714660031,-0.620615565,1
-0.426505992,1.02705036,0
-0.673148041,0.593816905,0
-0.285281096,1.230139249,0
0.379322724,0.043503072,1
-0.411370666,0.83208215,0
1.108319713,-0.197771138,1
-0.948260122,0.680989462,0
0.342185038,-0.289810509,1
1.971644536,0.537604389,1
0.500649861,0.458808328,0
1.638785505,-0.012327854,1
0.324214201,-0.239980702,1
-0.191598428,0.57504956,0
0.981235559,0.465573268,0
-0.974603797,0.217131733,0
-1.056333891,0.288754311,0
-0.156261241,0.164564373,1
1.195042035,-0.76927832,1
-0.16885808,0.375999912,1
-1.215276432,0.327390269,0
0.987764159,0.467461971,0
0.708559111,0.649683136,0
0.866905294,0.283919053,0
0.145079711,-0.187801096,1
0.36298,0.750634365,0
-0.883839079,0.610424044,0
0.606000562,0.718666043,0
0.783018468,-0.800713353,1
0.427228619,-0.321868834,1
0.487088071,-0.181658713,1
-0.28037294,0.564131686,0
-0.959398141,0.383895765,0
-0.854561812,0.53244213,0
0.60139076,0.650381242,0
1.129469318,-0.357970069,1
1.664182004,-0.110369334,1
-0.356642344,0.895901157,0
1.996016355,0.186532587,1
0.327604449,1.023005231,0
1.141472997,-0.512586546,1
0.874314064,0.233032999,0
0.084627617,0.365034734,1
0.95564167,0.336512978,0
-0.516363989,0.856088819,0
-0.91855561,0.524405275,0
1.04876962,-0.29993324,0
0.662779738,1.02572657,0
-0.873702415,-0.019154346,0
0.00893865,0.070478382,1
-0.480751177,0.534899394,0
0.801752229,0.121323005,0
0.471238824,0.882904233,0
-0.420774244,1.025111984,0
0.524393673,-0.511881491,1
0.737921763,0.957655201,0
0.527854577,0.359388501,0
1.332378057,-0.384693467,1
0.783428803,-0.649905222,1
0.781196923,0.532340505,0
-0.938499633,-0.015001276,0
0.144756765,-0.167448938,1
0.741729175,-0.512801517,1
-1.094045256,0.280895064,0
0.09803244,0.663769325,0
0.096475589,0.440563746,1
1.136644039,0.510030987,0
0.877260707,0.434069086,0
2.006729381,-0.260233353,1
0.844146785,-0.506349824,1
-0.11769587,0.832295947,0
0.835924667,-0.605361627,1
0.61697605,0.963421281,0
1.16463688,-0.774356137,1
-0.677841206,0.899434796,0
0.897617031,0.582135725,0
1.246762301,-0.095485761,0
-0.037184109,0.600245099,0
-0.281766064,1.041316337,0
-0.165785808,-0.155518618,1
0.709807721,0.847728608,0
-0.250238093,0.252476291,1
0.912259501,0.817005771,0
0.314228402,-0.308729575,1
1.476217585,-0.102325565,1
-0.272326395,0.893558792,0
1.764860322,-0.258210829,1
1.566734832,-0.45171318,1
0.151082938,-0.304289209,1
2.163860106,0.108876065,1
1.681430038,0.288585648,1
-0.242041832,0.921154041,0
0.619860907,0.633496832,0
1.369710178,-0.416161032,1
1.202391533,0.115048718,0
0.11123191,0.011666145,1
-0.483965808,0.923086365,0
0.932828316,0.592895168,0
0.986958697,-0.61305661,1
-0.574711741,0.489730429,0
-0.800904147,0.243705403,0
-0.423420787,0.976320423,0
-0.764453226,0.435142083,0
1.743369433,-0.153445776,1
-0.098694773,0.187170936,1
0.473750611,1.201505526,0
1.929763136,-0.19041965,1
0.27686305,0.278063455,1
-0.746738007,0.681809563,0
1.250471843,-0.012782819,0
0.613777794,-0.042711867,1
-0.653277493,0.183385986,0
1.613274306,-0.04991098,1
1.903612603,-0.204580415,1
1.627339552,-0.604287038,1
-0.156722653,0.7530016,0
-0.252190072,0.799105178,0
1.087409324,-0.504084876,1
1.333234709,-0.341872272,1
-0.381150995,0.7498659,0
-0.499403476,0.084437258,0
1.905336976,0.036762479,1
1.696152243,0.247997931,1
-0.35978914,0.875067213,0
0.327620039,0.435508102,0
0.648165118,0.768550013,0
1.502370953,-0.314110443,1
-1.095287194,-0.031256763,0
1.116372851,-0.183955115,1
0.188655352,0.971389682,0
1.629689495,-0.363326473,1
0.410712824,-0.043096567,1
0.604201713,-0.47442319,1
-1.083891771,0.716613953,0
0.199118704,0.973024655,0
0.964574096,0.235230257,0
0.343953948,-0.285039362,1
1.729728225,-0.376686341,1
0.155103703,-0.15741465,1
0.00365042,0.398333508,1
2.171938947,-0.009688372,1
1.774281603,-0.003009554,1
1.183432094,-0.512470338,1
0.3406911,-0.259622309,1
0.781813186,-0.39716671,1
1.00493089,-0.456287801,1
1.011247539,0.407774202,0
-0.056584363,-0.336975013,1
-1.047689054,0.152764256,0
1.489097702,-0.413246781,1
1.640055664,-0.089457548,1
0.540459533,-0.124598721,1
0.859047342,0.203233012,0
-0.884663927,0.251157372,0
1.047281509,0.378646074,0
-0.021869546,0.805629407,0
0.720365634,1.071407113,0
0.39834529,1.142215435,0
1.608590058,0.39727085,1
0.488880773,0.878425948,0
0.555419856,1.259644973,0
1.077659076,0.569619755,0
1.430515665,-0.326484901,1
-0.401544568,1.302385207,0
-0.981600746,0.529840838,0
-0.238534105,0.710796076,0
0.36285185,0.668699243,0
0.485514094,-0.214923061,1
1.829689898,-0.032558353,1
-1.00165868,0.377024886,0
1.5499389,-0.3469875,1
1.131717745,-0.413463111,1
0.805839522,0.30124382,0
-1.043778782,-0.08045653,0
-0.828054055,0.77656631,0
-0.974088244,0.489715886,0
-0.227706328,0.921966664,0
1.144795098,-0.137161533,1
-0.102469041,0.904322899,0
1.221871965,-0.278299633,1
-0.82483637,0.291812751,0
1.239667068,-0.213077463,1
-0.375686107,0.405621835,0
1.033906027,0.331929125,0
0.947077235,-0.73239434,1
0.386595249,0.680226593,0
0.380329206,-0.069704692,1
0.841423151,-0.704055308,1
0.045721244,1.101504785,0
-0.022934243,0.050413531,1
2.231029647,0.547256537,1
0.601543937,0.785646311,0
1.17451516,-0.601107689,1
1.035843249,0.235157919,0
0.998262607,-0.527816864,1
1.512177494,-0.538100431,1
-0.973553878,0.811362334,0
1.957300239,0.484904971,1
0.562537549,-0.447396446,1
1.805252242,-0.326574693,1
-0.852503994,0.56061312,0
-0.434865576,1.008969621,0
-0.885750999,0.743159343,0
1.453686774,-0.511166196,1
0.916532918,0.109951084,0
0.051310226,0.169619754,1
0.8790438,-0.735495493,1
1.030923475,-0.460963989,1
-0.584055383,0.261005643,0
0.203470361,0.939961133,0
1.358006119,0.561932177,0
-0.152210116,0.1955856,1
0.250925825,0.779693695,0
0.237780897,0.08992145,1
0.925370217,0.340459124,0
1.567522414,-0.191562549,1
2.182044827,-0.26011403,1
0.382752325,-0.563285896,1
-0.045646696,0.623544213,1
1.823082451,-0.185216126,1
0.426338821,-0.434566487,1
0.558084934,-0.410319715,1
-0.082218032,1.407026203,0
-0.985417035,0.49608002,0
-0.558076379,0.715405993,0
0.309136977,-0.384220518,1
0.001965281,-0.208423875,1
1.166937026,-0.497655514,1
0.757803907,-0.075047824,0
0.487472831,-0.13898783,1
1.733014412,0.110203278,1
-1.458367974,0.125247038,0
0.029563726,0.974245288,0
0.309354514,-0.452006732,1
1.172434093,0.188245201,0
0.065686584,0.490590686,1
-1.020389974,0.302888178,0
-1.233469474,-0.012439519,0
-0.477661143,0.838302708,0
1.15719904,-0.326959267,1
0.002628943,-0.240482725,1
0.222235437,0.138814033,1
-1.080060523,0.479910705,0
-1.337190809,0.678962623,0
-0.096561781,1.308613981,0
1.479170731,-0.109114318,1
0.828458033,0.370980393,0
1.706760007,0.070101471,1
-0.616128666,0.788416143,0
1.857063246,-0.321608969,1
0.597787696,0.796545349,0
1.85903198,0.25953718,1
0.722934159,0.421081039,0
-1.026061714,0.204110448,0
1.618027752,-0.791164045,1
0.348535559,-0.453923159,1
1.179769136,0.530180784,0
0.296149812,1.127998575,0
0.03626802,0.297886348,1
0.837811101,0.453048472,0
-0.51360544,0.750934686,0
1.90732362,0.229802283,1
1.229496142,-0.333421777,1
1.856396569,-0.302072565,1
0.999487141,-0.16169539,1
1.783300327,-0.099619508,1
-0.820872428,0.306317779,0
0.36513042,-0.601805573,1
1.01785662,-0.80013883,1
0.676736665,-0.175806157,1
1.730886577,-0.391297114,1
2.376903891,0.295070262,1
0.950641128,0.11146045,0
0.101136439,1.136353564,0
0.615403781,0.04158126,0
1.625854518,-0.463949131,1
0.098728437,-0.076377804,1
0.117626515,1.187676858,0
1.899707084,-0.004088393,1
-0.03219754,0.792010009,1
0.151466067,0.65056273,1
0.264958959,-0.490580603,1
-0.54259486,1.146049765,0
1.168863261,-0.62260509,1
-0.055830422,0.492081334,0
1.742868897,0.390811678,1
0.714971947,0.530129855,0
0.023163209,1.044798519,0
-0.624977509,0.725053876,0
0.296198611,-0.398391604,1
1.845304429,0.056082433,1
0.496238942,0.788062919,0
2.093785,-0.260169162,1
-0.082545445,0.18502067,1
0.927645594,0.607113004,0
0.848349496,-0.584039023,1
-0.85759142,0.116504797,0
2.122495576,0.642203565,1
1.350437473,-0.256182308,1
1.844582634,-0.215563583,1
0.966190925,0.373327631,0
0.189247979,1.141288332,0
1.441371655,-0.479713385,1
1.720574954,0.178346301,1
0.534850176,0.253047208,0
0.881349255,-0.255635565,1
1.827034178,0.178464041,1
1.61394783,-0.195443423,1
2.039236973,0.124073239,1
2.107266252,0.112520204,1
1.520960492,-0.223399934,1
0.447235784,0.586226958,0
0.768589653,-0.447548727,1
1.713259429,0.478968526,1
1.805870938,0.402376267,1
0.015073859,1.029585506,0
-0.021542552,0.76018853,0
0.701289414,0.139534595,0
0.705514677,-0.508348005,1
-0.450212568,0.558296085,0
-0.784394346,0.042436815,0
1.400968889,-0.263791787,1
1.561086088,-0.39571439,1
0.907189487,-0.3242121,1
-0.236647129,0.728074557,0
-0.826674723,0.292091357,0
-0.028071217,0.598353954,0
0.121858913,1.106924548,0
0.311508595,-0.502502852,1
0.909297739,0.216033081,0
-0.539702765,0.818143811,0
1.252295401,0.268148266,0
1.018934607,0.225034233,0
2.065409632,0.556098679,1
0.94821551,-0.369287664,1
1.961798076,-0.023392047,1
-0.329338113,0.715327151,0
0.038444991,-0.07237674,1
0.957861985,0.502914144,0
-0.062072751,-0.248279145,1
1.095470442,-0.389744698,1
-0.779751417,0.713039477,0
1.912221734,0.226341912,1
0.784951605,0.898929521,0
1.752999019,0.370391803,1
1.014218375,0.471988666,0
0.213303187,-0.198922672,1
1.114865856,-0.34787988,1
-0.002233849,0.819522716,0
-0.148270087,0.903429008,0
-0.881544101,0.264817616,0
-0.262112825,0.901248539,0
-0.889306814,0.508622526,0
1.555123808,-0.618826563,1
0.514908908,0.859420946,0
-0.840490268,0.68331895,0
-0.989818905,0.390554978,0
0.592177916,0.265267453,0
0.522321294,0.691250696,0
1.10246044,-0.843537611,1
0.605063923,1.081526857,0
-0.547690404,0.59162764,0
-0.632513311,0.968672067,0
0.05775722,0.212698235,1
0.60081449,0.984631186,0
0.244174859,-0.15156377,1
0.437468676,0.702877866,0
0.485532061,-0.529135641,1
0.161082922,-0.159255992,1
1.709259542,-0.181703772,1
-0.839066791,0.319734373,0
-1.000879002,0.917840171,0
-1.025002376,0.064885748,0
0.056419569,0.930279054,0
0.800702424,-0.192828235,0
0.487193521,1.063238192,0
-0.990261714,-0.029043811,0
1.523569603,-0.397276353,1
-0.36678603,-0.004584635,1
-0.340541636,0.667808247,0
-0.330824563,1.027764917,0
1.361934226,-0.186995029,1
0.389479749,-0.345810856,1
0.383283672,1.163832447,0
-1.095898408,0.275449999,0
0.090461769,0.057408841,1
0.172584079,-0.469142401,1
0.216955016,-0.604269771,1
1.818663068,-0.495167768,1
0.380841505,0.539453706,0
0.177822395,1.16631749,0
-1.029310667,-0.001226762,0
1.525619933,-0.463324335,1
0.69246502,0.614773181,0
0.050248298,0.907524599,0
2.126294122,-0.032619209,1
-0.514489193,0.698428987,0
-0.321635504,0.968582611,0
0.261501936,0.095894668,1
1.889050315,-0.126897669,1
1.801168446,0.51515897,1
1.465440846,-0.256258139,1
0.218518582,0.892137789,0
-0.647383929,0.926214044,0
1.341192005,0.572233212,0
0.51946042,1.38677995,0
0.47823836,0.073644529,1
0.151199702,1.315573434,0
0.996555816,-0.760018841,1
0.484668089,0.682420751,0
-0.956515363,0.197126079,0
-0.205702308,0.496747353,1
1.537545007,-0.201472084,1
0.319742885,0.990185335,0
1.425054958,-0.418666859,1
2.264401665,0.256808894,1
-0.02238398,0.330505046,1
1.131482406,-0.053331731,0
1.809332401,-0.329849612,1
0.400533465,1.046536294,0
-0.614251552,0.446232782,0
0.489243255,1.272566822,0
0.120373707,-0.086435108,1
1.818380162,0.081340958,1
0.109909042,0.292368939,1
1.179919093,-0.584490138,1
0.367907838,-0.383963878,1
0.021325493,0.523269869,1
2.05246598,0.51273394,1
-0.284434014,1.24364463,0
-0.637003029,0.710231184,0
-0.151937377,0.599546731,1
0.70854006,0.660485695,0
-0.241626373,1.106265766,0
2.304800813,0.188925855,1
-0.044727953,0.495418235,1
0.787353878,0.054226162,0
2.050328626,0.425547828,1
2.099829353,0.273259841,1
0.541369041,-0.274552552,1
-0.038744914,-0.42785,1
-0.388403129,0.539489699,0
0.264662548,0.745840007,0
-0.763394687,0.721647153,0
0.016745432,0.93194196,0
-0.083075609,-0.314299113,1
0.465167801,-0.376272272,1
0.189607122,0.040813562,1
-0.526984367,0.836735385,0
-0.283236157,0.754710028,0
1.054851902,-0.289902097,1
0.330814297,-0.366404767,1
0.368685492,1.011321807,0
1.471903608,-0.124876874,1
0.699759501,-0.664175931,1
0.757204619,-0.424749807,1
1.941253359,0.388473484,1
0.508992685,0.809107656,0
0.563974888,0.796194894,0
0.841425396,-0.297491594,1
1.306062946,-0.650324703,1
-0.984691069,0.21432467,0
0.749318813,-0.260385294,1
-0.375939185,0.712643054,0
1.373685041,-0.495581299,1
-0.712020506,0.820739475,0
0.208427388,0.277113804,1
0.487514839,0.684639048,0
-0.159951001,0.743655572,0
-0.229570915,0.274057941,1
0.776252326,-0.289664004,1
0.798767322,-0.490414136,1
1.401815302,-0.089938082,1
1.870112336,0.193206024,1
0.705985309,0.454683552,0
1.285580926,-0.372111152,1
0.450080117,0.822723689,0
1.556581056,-0.534707771,1
0.855971155,0.169282426,0
0.992009326,0.219900069,0
0.081147926,0.963290903,0
0.072862294,0.282152917,1
-0.523488818,0.944619094,0
-0.87916512,0.993227705,0
0.440357057,0.759127036,0
0.846115162,0.2805649,0
-0.788917084,-0.139279797,0
0.31836788,-0.533360125,1
-0.9769666,0.782806834,0
1.473936898,0.080099548,0
0.975123631,0.047047619,0
1.778476734,-0.152684155,1
-0.818124249,0.191816576,0
0.856273996,0.465904372,0
0.123505659,-0.094493038,1
1.760965175,-0.461685596,1
0.772721666,0.623223143,0
0.237224209,-0.390507114,1
0.005345431,1.147961195,0
-1.069561006,0.434540424,0
1.140388119,-0.065845151,1
0.186363371,0.78286784,0
0.335681719,0.643005793,0
-0.529363336,0.541691164,0
1.419338263,-0.291061559,1
-0.192043461,0.754702808,0
-0.408626938,0.652834702,0
0.499761593,-0.15390812,1
0.486412496,0.013216076,1
0.090211692,-0.089814895,1
0.410819628,0.314401496,1
0.675014939,1.134297687,0
1.169996944,-0.575562479,1
0.930315631,0.051713636,0
1.227432475,-0.589021599,1
0.575190745,0.485877897,0
-0.146920604,0.928988618,0
-0.907314544,0.672010659,0
1.965757368,-0.652960224,1
1.983271956,0.065607232,1
1.498471436,-0.355025604,1
-0.55072759,0.696202113,0
-0.20099351,0.148093096,1
1.222759975,-0.438286437,1
-0.103549637,0.780704238,0
0.997088818,-0.975945175,1
1.619577168,-0.049714922,1
0.569898937,0.808473148,0
-0.996892442,0.970527275,0
0.840450164,0.134621962,0
1.638340741,0.317142436,1
1.327258095,-0.968285562,1
1.472153592,-0.590067495,1
0.038408722,1.040770911,0
-0.134704391,-0.265020266,1
-0.076728569,-0.105796507,1
0.619616407,0.891526594,0
-0.992668152,0.037314887,0
0.700191435,1.04745007,0
-0.828467382,0.516749383,0
1.913897825,-0.066891129,1
1.261708906,0.574043305,0
0.311723295,-0.314458128,1
0.077171597,0.274534394,1
1.214019532,-0.249163509,1
0.370310265,0.496183742,1
1.093846623,0.083559636,0
1.788301758,-0.061926574,1
2.37029359,0.240175023,1
-0.944660502,0.638632272,0
-0.94428048,-0.274589973,0
0.629710205,-0.534916621,1
-0.646395733,0.679835462,0
0.867260502,0.812271224,0
1.118184155,-0.286223706,1
1.953007085,0.372688256,1
-0.455809294,1.200771924,0
0.247704318,0.071012486,1
1.060287759,0.323084473,0
1.884511868,-0.098965409,1
0.925919359,0.432344788,0
0.020670068,-0.070546509,1
-0.907652087,0.423310219,0
0.184516914,1.27615809,0
-0.24787731,0.882145066,0
0.026161775,0.224390449,1
-0.104345452,1.178717699,0
0.867679543,-0.34245837,1
-0.756124795,0.189556699,0
-1.216639934,0.150701172,0
1.094251917,-0.616325953,1
0.057745728,1.092049559,0
0.689616699,-0.713509833,1
-0.274694997,0.219749194,1
0.498321722,0.74661321,0
0.53644711,-0.535834891,1
2.017087628,-0.156443243,1
0.967765447,0.336806994,0
-0.333314597,0.929071446,0
0.272122993,0.788533018,0
1.017067067,-0.710092254,1
0.742299344,0.950531787,0
-0.860349862,-0.010456776,0
-0.8429208,0.455960414,0
0.361659992,0.490597129,0
-1.097393988,0.483274588,0
0.931902003,0.635435587,0
0.352964646,0.957849235,0
1.425005298,-0.719234745,1
0.757468451,0.659516794,0
0.698134596,-0.82973961,1
0.045797941,1.235252782,0
1.937194544,0.454805768,1
0.278298294,1.190511226,0
1.248482072,-0.447288049,1
0.165725503,0.91599156,0
0.754667515,0.64494456,0
-0.208792995,0.694187433,0
-0.207729004,1.13036164,0
-0.53572795,0.484984773,0
0.783353149,0.875860563,0
1.854351057,-0.084050125,1
-0.682635774,0.631131799,0
-1.090851906,0.149149379,0
2.076104353,-0.251480477,1
1.691391711,0.085284995,1
0.258212223,-0.10429747,1
0.261737898,-0.535722242,1
0.959529816,0.691728553,0
1.057112081,0.315203286,0
0.028286298,0.989402733,0
-0.697481841,0.597904427,0
0.111819474,-0.4067024,1
-0.837966411,1.010078522,0
0.6285664,-0.080558271,0
0.573422947,1.020121314,0
0.433154738,-0.613154627,1
1.973990393,0.258261138,1
0.56516968,-0.613664483,1
1.722436091,0.253267916,1
0.070780943,0.011856684,1
-0.870800009,0.61108225,0
-0.517681028,1.051383611,0
0.742617552,-0.333813609,1
0.26156837,0.120661574,1
0.174506317,0.084066361,1
0.190350261,-0.194277851,1
1.448430236,-0.452082776,1
1.054614553,0.378833042,0
0.523916092,0.650083775,0
0.845986519,-0.389811539,1
0.073235749,0.957615304,0
0.634847396,0.821656461,0
0.582605045,0.622328738,0
0.162670335,0.496711535,1
-0.669461824,0.514798084,0
-0.034868607,0.949896296,0
1.785154606,-0.072019599,1
0.019341895,0.967279089,0
0.694668787,0.912780049,0
1.249826702,-0.225084819,1
0.326234879,-0.538952742,1
1.726902272,-0.006606173,1
-0.794163383,0.40647136,0
0.686812108,0.719341732,0
0.075904497,0.308747966,1
0.143801554,1.189250137,0
1.383368501,-0.482896047,1
2.010821166,0.145366896,1
2.172339587,0.433051305,1
1.427390889,-0.205867295,1
-1.319610912,0.162886,0
0.992468664,0.432015982,0
-0.544143897,0.767662802,0
2.06506512,0.143903542,1
1.646102655,-0.111669253,1
1.97809726,0.412008841,1
-0.755983083,1.149801329,0
0.838484107,-0.024776543,0
-1.124251578,0.057921886,0
-0.092235608,0.725809546,0
0.803236887,-0.592072523,1
-0.330993395,1.128555008,0
-0.334175081,0.951739448,0
0.484094162,0.519994339,0
0.825621285,-0.171785277,1
0.108421232,-0.310342961,1
0.186451085,0.620666884,0
-0.575603106,0.819374089,0
0.521989496,0.158439187,0
0.85146351,-0.356331843,1
-0.047531836,-0.071565157,1
0.693943436,0.382824447,0
0.178687159,0.354941605,1
0.038826374,0.822502484,0
1.251535111,0.036878927,0
1.240061791,-0.553995201,1
-0.892356338,-0.00611767,0
0.773122817,-0.394542609,1
0.612884682,-0.452131264,1
0.476495428,1.02984448,0
0.636143183,0.279654994,0
-0.889192714,0.085648587,0
0.75005294,-0.559437849,1
-0.765004027,0.912780982,0
-0.015452792,0.590450439,1
0.149668251,0.349514754,1
0.887833799,-0.524226975,1
0.409490303,1.201648225,0
-0.207452474,1.070589323,0
-1.31490509,-0.290792214,0
-0.013697395,1.274608024,0
-0.041868728,1.267781343,0
0.289486601,0.02761201,1
1.06904276,0.113571474,0
1.898671033,0.313316212,1
-0.094421398,0.745342501,0
0.638101093,0.893182586,0
2.016338408,0.145996835,1
0.701635311,-0.460224115,1
1.652904727,0.040932392,1
1.91819954,0.345159451,1
0.188059394,0.79693938,0
0.294002696,-0.076104481,1
0.904775391,-0.751200805,1
1.287217057,-0.640639014,1
0.551364443,0.967198922,0
-0.135554818,-0.045755289,1
0.106373145,0.684202242,0
-1.003848052,0.43522007,0
-1.211066277,0.304233938,0
1.021984093,-0.535013641,1
0.208689639,0.360639843,1
2.194500581,0.360028903,1
1.225493413,-0.555202389,1
1.125489031,-0.521271787,1
-0.300049439,0.795868479,0
1.897625955,-0.142429373,1
-0.18794498,0.913334515,0
1.420544592,-0.379314411,1
1.943875638,0.309736517,1
0.243641547,0.754709661,0
-0.164927586,0.623938088,0
-0.946510385,0.228454762,0
0.879564756,-0.507970114,1
0.42990435,-0.371392839,1
-0.018514056,0.070632257,1
-0.560908598,0.786149227,0
0.141153757,0.56046049,1
0.939933955,-0.092244183,0
1.707651411,0.142323574,1
-1.037956771,0.398235654,0
-0.672905906,0.27563197,0
0.82520525,0.041694182,0
-1.173641898,0.668828329,0
1.262887435,-0.876609051,1
0.30439367,0.812888957,0
1.696223088,-0.223357546,1
-0.389204677,1.246281186,0
1.45141228,-0.104903619,1
1.222349916,0.298893398,0
-0.220186203,0.587776029,0
1.747229454,0.049684391,1
0.215917889,0.984706605,0
-0.643800648,-0.038336066,0
0.593617914,-0.410498781,1
1.67978443,-0.226431099,1
1.451893879,-0.804721512,1
0.281159579,0.852260457,0
-0.727266519,0.813585065,0
-0.887032969,-0.117858573,0
-0.547450355,0.842189434,0
-0.005341521,0.271195541,1
-0.623210812,0.669921183,0
0.507920545,1.010442901,0
1.899268018,-0.105306958,1
0.594070899,0.642184761,0
2.201013505,0.145417545,1
-0.713023146,0.342386758,0
0.847719442,0.835212937,0
-0.113518843,0.542876682,1
0.74970971,0.82579516,0
1.119626976,0.813894724,0
0.500097419,1.053941314,0
0.190689357,0.215545365,1
1.183117419,0.524890485,0
1.721145386,0.004607063,1
1.513869529,-0.470683984,1
-0.704325758,0.161095346,0
0.856176482,0.700112769,0
0.809842968,-0.420571554,1
0.081344417,0.768358227,0
0.437013519,1.018689449,0
-0.820517,0.666523861,0
1.870044857,-0.017073494,1
1.077901693,-0.140982402,0
0.983221249,0.277496876,0
1.525861105,-0.251937868,1
0.415815431,0.788066741,0
1.034588332,0.786764328,0
-0.079616047,0.024192916,1
1.015643111,0.186544787,0
1.028235229,0.94961683,0
1.344683515,-0.616969781,1
-0.747943922,0.61624594,0
-0.889152214,0.143601544,0
0.586395115,-0.317503435,1
1.02418005,-0.391022024,1
1.624528537,0.494376506,1
-0.509930083,0.311575361,0
1.386979733,-0.275294423,1
2.056252583,0.435298828,1
-0.817926502,0.246909586,0
-0.6132687,1.027714868,0
0.86037767,-0.287162149,0
-0.008936387,-0.054134643,1
1.148667387,-0.342098233,1
2.037084401,0.73540941,1
-0.325303586,1.057279219,0
-0.846314184,0.960085987,0
-1.065751903,0.768132548,0
2.290092861,0.291381378,1
1.483992023,-0.471052089,1
0.727985846,0.285455623,0
1.609007615,-0.244400035,1
0.001312995,0.313361888,1
1.156216926,-0.659223725,1
1.918117692,0.521262957,1
-0.197717314,1.225779511,0
0.464659137,-0.236599038,1
2.481592577,0.430871274,1
0.694024755,0.38274272,0
1.415594136,-0.41732649,1
-0.763207581,0.82752671,0
1.580828991,-0.015640385,1
0.194001303,-0.111782148,1
-0.937707778,0.752130437,0
0.519155088,0.767068411,0
-0.789497718,0.558741208,0
-0.000622162,1.006847755,0
0.930674507,0.511127346,0
0.237203979,-0.229832958,1
0.3537191,-0.185527699,1
0.636217625,0.693469817,0
0.089769768,-0.407975455,1
0.878706267,-1.014790684,1
1.281459203,-0.011295418,1
-0.219710431,0.447548402,0
0.91160901,0.397123824,0
-0.010629001,0.249636393,1
1.075196652,-0.805189017,1
1.828976306,-0.168282448,1
-0.906761627,-0.330257923,0
-0.314994474,0.710803326,0
0.374961124,1.155784672,0
1.043513324,-0.637362345,1
1.013423403,0.123812215,0
-0.016554316,1.024069103,0
-1.168806979,0.284131436,0
-0.664875832,0.764833894,0
-1.097610233,0.047800018,0
-1.116467336,0.514390381,0
-0.13164445,0.022197088,1
0.308458781,0.75258317,0
1.086469782,0.295978487,0
2.076381412,-0.187216043,1
-0.683621354,1.110368384,0
1.271304436,0.090493506,0
0.587853922,0.527370576,0
0.915779951,-0.385472173,1
0.675900235,0.482636527,0
0.559604671,-0.423862228,1
0.721497768,0.05896468,0
2.035539187,0.101143662,1
-0.945313675,0.557507921,0
-0.946142449,0.346867847,0
1.790326126,-0.157779041,1
1.145689672,-0.520268807,1
-1.217044623,0.379523573,0
1.30494619,-0.309667629,1
1.663530064,-0.526629752,1
0.223532217,0.205258784,1
0.100939747,-0.017854481,1
1.068957016,0.154344304,0
0.53151393,-0.589866142,1
2.147258694,0.213807515,1
0.151768046,0.539128699,1
-0.017782284,1.074585015,0
-0.954492498,0.556487269,0
-0.480119307,0.701272234,0
-0.132061392,1.250642205,0
-0.592375905,1.123506557,0
-0.092678326,-0.297998987,1
1.209418178,-0.505323794,1
-0.645924155,0.432177552,0
0.61881528,0.723302873,0
1.767183402,0.237620461,1
-0.535653658,0.653364243,0
0.534283228,0.421213506,0
1.081187544,-0.833156295,1
1.058243071,-0.474212389,1
-0.32145655,1.085362885,0
-1.352148662,0.581441957,0
-0.333016092,1.320779678,0
0.762591435,0.472105255,0
-1.106168199,-0.170354159,0
0.13304241,-0.138369411,1
0.338344848,1.002071106,0
0.491334753,-0.61245327,1
0.308085646,0.751947702,0
0.465078536,0.834857589,0
0.250202268,0.771481107,0
1.139726832,-0.564882359,1
1.505583857,-0.185659527,1
0.639618518,-0.546850813,1
-0.002960405,1.093154822,0
1.383805032,-0.473974667,1
-0.960251622,0.256141167,0
-0.749545225,1.018388507,0
-0.06810175,0.379926688,1
1.817464054,0.048808554,1
-0.842454309,0.378585602,0
1.029111162,0.168793358,0
-1.125104176,0.28124193,0
-0.59949338,-0.186726159,1
-0.801311727,0.959122341,0
-1.075792205,0.277721204,0
0.343592902,-0.143867877,1
-0.327631104,0.68732541,0
1.143949125,0.470006069,0
0.751872463,0.439360023,0
1.904138858,-0.220885867,1
0.528771171,-0.159942739,1
0.979427017,-0.182209121,1
-0.215541194,0.971643142,0
1.724471944,-0.830911168,1
-0.204330017,1.238882754,0
0.047698466,0.290728803,1
-0.480817747,0.434350339,1
0.037277239,0.534161437,1
1.156506436,-0.359886495,1
0.800226609,-0.722092844,1
-0.107085699,0.101266568,1
0.214692944,0.502290452,1
2.151480899,0.560300567,1
-0.817492869,0.91312615,0
0.608716762,-0.236014968,1
1.534957012,-0.365452435,1
0.782650867,-0.427386445,1
-1.225681182,0.002999282,0
0.461349131,-0.160046915,1
0.243992783,-0.276810225,1
0.505893338,-0.492130071,1
0.955520897,0.530035501,0
0.492559384,0.547828335,0
1.452561847,-0.417026458,1
-1.250245629,-0.017828483,0
-0.129178801,0.115734749,1
0.484989639,0.875912758,0
0.588818222,-0.113569014,1
0.355092017,0.207933764,1
-0.821207758,1.169297716,0
1.51954327,-0.285821488,1
0.235208801,0.966284489,0
2.073156329,0.408176242,1
1.281272899,0.147333109,0
1.972903178,0.021914315,1
1.626021723,0.166065758,1
1.933717467,0.249700461,1
-0.045776012,0.679433176,0
0.159471074,0.414790798,1
0.721708472,-0.510507988,1
-0.313818201,0.93625974,0
-0.58089064,0.790239825,0
-0.851534777,0.717700819,0
0.337039161,-0.092698388,1
1.32546992,-0.01177559,1
1.671227291,-0.596267822,1
-0.226423819,0.495441482,1
-0.531154482,0.987228083,0
1.1505807,0.517148837,0
-0.714583532,0.175965541,0
-0.115317618,-0.153518766,1
0.263727585,-0.379897838,1
0.579574922,-0.048429109,1
0.981207671,0.401764725,0
-0.762028979,0.943523343,0
2.093899334,0.138789177,1
0.134583853,1.267484825,0
0.509817433,-0.129678867,1
1.029236054,-0.838198309,1
-1.039694712,-0.064760483,0
0.55387605,0.720984976,0
0.964556551,0.058594098,0
0.737504701,-0.3441419,1
-0.115528048,1.188309156,0
0.0161119,0.509734311,1
0.884842023,-0.547710345,1
1.884710994,-0.005721662,1
0.150185066,-0.53402282,1
-0.568870468,0.902231899,0
-0.502523388,0.85929867,0
1.828543177,0.439859585,1
0.253516095,0.229936646,1
-1.337451086,-0.006155172,0
0.509136286,-0.019857229,1
1.470380044,-0.273742988,1
1.087864104,0.273398732,0
1.203723344,-0.639314865,1
1.363596531,0.440869503,0
-0.798582013,0.430609153,0
0.240797453,0.926385691,0
-0.468822371,1.24696483,0
-0.682508876,0.065389906,0
0.022631579,1.15724349,0
-0.972897805,0.953146442,0
1.90977599,-0.05138525,1
1.371771088,-0.48548293,1
0.808715811,0.721829492,0
-0.850795452,-0.426515248,0
0.42447712,0.90827036,0
0.732634457,-0.312295977,1
-0.89893433,0.868331162,0
0.265579248,0.910226812,0
0.944390834,-0.31498041,1
0.349310709,-0.266876325,1
-0.93684077,0.70054103,0
1.98681781,0.672353085,1
1.487996561,-0.522996828,1
0.439235949,0.883150551,0
-0.529347535,0.656349946,0
0.644527318,-0.412355062,1
0.041517758,0.779775525,0
1.420757,-0.285198514,1
0.327477285,0.612159492,0
0.201341571,0.89986276,0
0.762993669,-0.456229025,1
0.79230782,0.250917936,0
-1.140938418,0.04072229,0
-0.632578056,0.539281196,0
0.962269352,-0.08991436,0
0.199682154,0.001314051,1
-1.215205546,0.401567001,0
0.801020551,0.45554532,0
-0.198263038,0.851491769,0
1.473865875,-0.765061843,1
0.936486438,0.569972703,0
0.295392075,0.790454749,0
1.060465646,0.097266299,0
0.257973608,1.171873988,0
0.552663769,0.496146695,0
-0.975687274,0.129834562,0
-0.671376971,0.962785213,0
-0.053630677,0.81573777,0
-0.381386369,0.98353703,0
-1.08565148,0.482998723,0
-0.115208662,1.287632706,0
-0.844951735,0.795850206,0
-0.659202966,0.880943449,0
0.215808909,1.121816224,0
1.861195942,0.047917032,1
0.625610393,-0.657357064,1
2.014982729,0.280983104,1
0.692026382,0.319789529,0
0.950685263,-0.653295609,1
-0.701510866,0.63454456,0
0.30634344,1.193904029,0
-0.292343913,0.832876532,0
0.100270448,-0.090297264,1
-1.054752964,-0.103467385,0
1.865849461,0.390973916,1
0.790434612,0.405877808,0
-0.584589502,0.416934429,0
0.56886871,-0.163428419,1
1.063603964,1.046253882,0
1.180421047,-0.40231043,1
-0.977312864,0.758977912,0
1.215375019,-0.758963977,1
1.689748039,-0.234094448,1
0.089647847,0.888662439,0
0.149248625,0.830030447,0
0.9061391,0.305800882,0
0.591242018,-0.147170402,1
0.137245085,0.028490701,1
2.056661537,0.132125167,1
1.28815463,-0.520052378,1
1.017442837,0.569966107,0
0.196451125,0.938546408,0
0.712298851,0.619781422,0
1.409413406,-0.618198159,1
1.736686106,-0.478088321,1
0.846792852,0.505866023,0
0.424942556,-0.307593008,1
2.160130044,0.152230508,1
0.710517599,-0.821463634,1
1.632880754,-0.315741661,1
0.842326766,0.684204735,0
1.864235892,-0.168711979,1
0.358272391,0.14971941,1
0.868261628,0.496463562,0
0.214624023,0.041303364,1
1.862141969,-0.18120975,1
0.89545106,-0.545789496,1
-0.466447452,0.719952694,0
-0.303174486,0.568372411,1
1.120983872,0.027660087,0
0.847866783,-0.119162093,1
1.83846451,-0.386753426,1
0.300503775,0.136959161,1
0.320645268,-0.223888776,1
-0.815239343,0.369021715,0
0.647352324,-0.607400491,1
1.90259402,-0.27518445,1
-0.077640262,0.606675125,1
0.862889394,-0.360029336,1
-1.180080474,0.364008178,0
0.196689712,0.220205484,1
-0.255149513,0.889211342,0
0.828087629,-0.555167743,1
0.805342629,0.478897304,0
-0.59963688,0.718912735,0
-0.394682788,0.910042503,0
0.57461886,-0.176597477,1
-0.825464728,0.23060276,0
-0.545654111,0.135948517,1
-0.90226113,0.522227027,0
-1.014674222,0.415331862,0
-0.191866669,0.39640881,1
0.526846352,1.03471711,0
0.368427499,1.040581779,0
1.619996932,-0.01038069,1
0.039440958,0.296179652,1
-0.752716793,0.92571016,0
0.167743646,0.569105249,1
0.037122958,0.140147203,1
1.895711406,0.197879852,1
1.473359588,-0.216856622,1
-0.839699968,0.051964406,0
1.986019152,-0.105959259,1
-0.451678303,0.516227266,0
0.208796038,-0.171785336,1
0.673596829,-0.633057508,1
0.012543638,0.951589028,0
0.873617013,-0.315150358,1
1.776590645,-0.127246143,1
1.868790119,-0.035822006,1
0.164570942,1.09660698,0
-0.436128501,1.139854165,0
-0.983218222,0.892206835,0
0.622839003,-0.896934586,1
-0.550184578,1.064500063,0
-0.770564868,0.739532357,0
1.307906098,-0.481808695,1
-0.998545538,-0.2149556,0
0.485712106,-0.258083813,1
0.348236142,-0.105689633,1
-0.743703828,0.470913282,0
1.217362678,-0.777094509,1
0.220525962,1.276064631,0
-0.768771812,0.794656138,0
-0.561598996,0.569169119,0
-0.46253644,0.782327954,0
1.913467968,0.316587511,1
1.115762181,-0.453221246,1
-1.081490831,0.049646871,0
1.458220433,-0.587741663,1
-0.062461313,0.213368996,1
-0.775590412,-0.055075336,0
-0.383299376,0.978121159,0
1.22194537,0.462862989,0
0.536255162,-0.397089226,1
1.552328385,-0.721817398,1
1.456463918,-0.573931497,1
0.906938786,-0.166719453,1
-0.830388523,0.499333798,0
0.989838169,-0.568969544,1
0.86986617,0.787348129,0
0.574075787,0.791501178,0
-0.169820074,0.416642523,1
-0.366162233,0.330890352,1
0.749013396,-0.508565323,1
1.360080486,-0.351513592,1
0.585855685,-0.604648785,1
-0.787321352,0.53054552,0
-0.522803289,1.136215715,0
-0.930060856,0.627072015,0
0.10248386,0.996581135,0
1.085358046,-0.815781469,1
-0.980540449,0.575176041,0
-0.590814113,0.527179799,0
0.983275831,0.404566083,0
-0.23925524,0.825499369,0
0.628387631,1.096490682,0
1.872268517,0.393729231,1
-0.45865206,0.951213484,0
1.948077881,0.204217877,1
0.36262604,0.70060652,0
0.462543101,0.245553939,1
2.15014774,0.013771064,1
1.645519323,-0.23645479,1
1.770028083,0.058875217,1
1.346600375,-0.189963214,1
0.557561616,-0.516994191,1
-0.056557077,1.264608573,0
0.403677198,-0.505429046,1
0.412141282,-0.59793639,1
0.239817569,0.93422609,0
0.552967129,0.250208667,0
0.038331136,0.873664053,0
-0.932230997,0.184132412,0
0.931234645,-0.385325722,1
1.224118171,-0.763292581,1
2.215721747,0.323876033,1
0.183859064,-0.332137905,1
-1.063927216,0.333623789,0
-0.770953028,0.783496762,0
0.305128855,-0.055796016,1
-1.074340946,0.075133154,0
-0.240863618,1.246971153,0
-0.093064464,1.037599663,0
-1.304590199,-0.007229037,0
0.734086043,0.52553575,0
1.19594725,0.586986707,0
-0.508130893,1.188342241,0
0.978278582,-0.621488908,1
0.978640585,-0.824249063,1
-0.45196194,1.022151532,0
0.486224808,-0.17711255,1
0.20061494,0.422555918,1
1.563516319,-0.204462073,1
0.247009391,0.30348768,1
0.350782887,0.967514562,0
-1.02636077,0.361596279,0
2.067354955,0.277617677,1
1.090351198,-0.475755046,1
0.291973497,0.024951428,1
-0.540949687,0.643866986,0
1.886302649,0.216616967,1
1.267759037,-0.365359725,1
1.109221925,0.715458711,0
-0.97797934,0.451273232,0
-0.332239307,0.772329444,0
1.925301802,0.251952688,1
0.109279106,0.932494668,0
-0.818339158,0.231779669,0
0.085044236,0.133649238,1
2.077415976,-0.078027894,1
0.295902183,0.900733062,0
0.026499738,1.124567933,0
0.292681862,-0.83262319,1
1.50545497,-0.464672701,1
0.927731193,-0.320893517,1
-0.486229382,0.957539017,0
1.915345037,0.044470348,1
-0.80533835,0.48478027,0
0.199557791,0.35140558,1
0.507898095,-0.408839731,1
-0.12623754,0.334952697,1
-1.033961435,0.288331682,0
-0.257436579,1.098540055,0
-1.104852675,0.341309332,0
2.025931719,0.111432982,1
0.843449422,-0.13387895,1
1.852914143,0.124507159,1
-0.737133018,0.733053588,0
-0.957810643,0.051787587,0
-0.025338278,0.917312219,0
1.336257771,0.143517417,0
0.97981411,-0.011170159,1
-0.023159167,0.438770794,1
-0.809528109,0.624472141,0
-0.868504673,0.476295523,0
-0.0059328,1.113106783,0
0.426133757,1.168162696,0
0.922528964,-0.759875051,1
2.523075196,0.171539609,1
0.873045249,0.511359133,0
0.317990259,1.144457301,0
0.968493798,0.813782742,0
2.262309837,0.434638426,1
0.855208464,0.2711991,0
-0.050940612,0.425433665,1
0.757651677,-0.556331348,1
2.270910232,0.163771822,1
-0.345889664,1.223835616,0
-0.5519014,1.125162689,0
-0.648399252,0.687873695,0
-0.085325079,-0.010356212,1
0.690351471,0.499844989,0
-0.008223476,0.752566569,0
-0.863879795,0.484651036,0
1.799622662,-0.32787903,1
0.480710823,-0.28049523,1
-0.006203843,-0.205553073,1
-1.413450318,0.018047359,0
1.111153654,-0.199551056,1
-0.819629373,0.479980525,0
0.099789227,1.085185418,0
1.755152523,-0.52448503,1
2.046280397,0.600803688,1
1.585684452,-0.016230776,1
1.34266315,0.16523079,0
1.640815568,-0.34184797,1
0.396743575,0.930234512,0
1.487834332,0.083121601,1
0.399666759,-0.320214656,1
0.21960677,1.116205248,0
-0.848397384,0.79483391,0
1.368001428,-0.771361169,1
0.997322051,0.327632553,0
0.67853167,0.640189207,0
0.39872276,0.942747966,0
1.239852683,-0.518767145,1
-0.14602644,1.112875623,0
0.096961397,0.577901984,1
1.695631796,0.062919383,1
-1.119219203,0.787961958,0
2.073893549,-0.378020809,1
1.28026491,-0.735928586,1
0.743329496,-0.250527344,1
0.41427132,-0.314432632,1
0.991949277,-0.045965274,0
0.491763899,0.066388367,1
0.181969317,-0.37476361,1
0.511908613,-0.449375662,1
0.578237189,-0.647129911,1
1.032565931,-0.523275962,1
0.643804521,0.555205227,0
1.257673969,-0.715701472,1
1.65543685,0.034541146,1
0.38130945,0.554932787,1
0.907523574,-0.651113762,1
-0.205136762,1.043170668,0
-0.093022971,0.967997218,0
-0.665289308,0.265520617,0
-0.286616007,1.471344707,0
0.475088833,0.793051147,0
1.976980585,-0.010384609,1
2.153472622,0.16567255,1
0.146752406,-0.196143699,1
2.08313154,0.390533211,1
-0.108640654,0.163631615,1
-0.302674592,0.787314629,0
0.391636937,0.231844619,1
1.59162233,0.009031676,1
0.163782308,0.239113589,1
1.522663678,-0.502689758,1
-0.722079932,0.813125659,0
1.868252519,0.228930549,1
1.963790011,-0.628143204,1
1.637563357,-0.526660621,1
-0.856825747,0.73445763,0
0.334347806,-0.09635654,1
-0.273888609,0.967784223,0
0.16263565,0.797164322,0
0.463170658,0.56714984,0
1.040231836,0.240998569,0
-0.073647854,0.119064906,1
0.108430605,0.271539124,1
-0.614602864,1.124304601,0
1.057844136,0.353198818,0
-0.794834525,0.61260485,0
2.236866213,0.301409575,1
-1.097720758,0.277488133,0
2.153201973,0.39538078,1
-0.575868433,0.374442478,0
-0.570015652,0.778730169,0
0.08324148,0.859543403,0
1.20757139,0.325731871,0
1.649083484,-0.482966089,1
-0.790365225,0.058754281,0
0.160001948,1.057142808,0
1.189835971,-0.795197885,1
-0.17563442,0.66400168,0
-0.013346637,-0.057241775,1
1.281467744,-0.411972233,1
0.605048721,0.778719238,0
0.010960695,0.942572352,0
1.670053706,-0.036904945,1
1.019526416,-0.304887808,1
0.721451588,0.733397996,0
1.984861337,-0.07819386,1
0.108232537,0.303620084,1
0.649981611,1.111654239,0
0.357085517,0.887533831,0
1.200586062,0.61888723,0
0.735033744,0.650988208,0
1.548766245,-0.601136869,1
-0.874929547,0.453044581,0
0.08855264,1.20521883,0
-0.334922316,0.9193071,0
-0.665247439,1.240506154,0
1.354867019,-0.471908004,1
1.462218954,-0.581614784,1
0.745124249,0.94957177,0
2.083651376,0.652696026,1
0.87900637,0.226633251,0
0.132617833,0.153607527,1
0.612334922,0.583541694,0
0.744004906,0.746968056,0
0.101609345,-0.094817018,1
1.045008185,0.610194299,0
0.418314807,0.613254947,0
0.428354204,0.561686562,0
1.827695179,0.010502347,1
0.080875958,0.06428758,1
0.815268068,-0.431118998,0
-0.690859649,0.755549902,0
1.759204531,0.266872384,1
0.234827492,0.79981211,0
1.125359199,0.17453547,0
-1.262571687,0.383910295,0
1.995132588,0.163296115,1
0.163739451,0.954938225,0
-0.148877182,1.2072476,0
0.714389256,-0.202407874,1
-0.817254577,0.643763844,0
0.253645415,-0.424377196,1
0.089435385,0.048581284,1
2.253359487,0.157586343,1
1.202577247,-0.655885971,1
1.918382059,0.613179116,1
-1.228096551,-0.030615439,0
1.858187921,0.427003954,1
1.399945558,-0.006370036,1
1.513521155,-0.132513123,1
0.769540766,-0.495679217,1
-0.733909545,0.78866325,0
1.245336532,0.306227104,0
0.746810197,-0.358896885,1
-0.980916712,0.431556713,0
1.049964303,-0.087765334,0
1.399637966,-0.81766265,1
-0.062397806,0.245618026,1
-0.094749144,1.308519163,0
1.080126999,-0.465481886,1
0.728606763,-0.662943023,1
1.32984499,0.391820212,0
0.126364912,0.029479361,1
1.649746391,-0.211285601,1
0.15300918,1.134669887,0
1.45539042,-0.488923667,1
1.792622831,0.386486358,1
1.091585549,0.618849867,0
0.336135559,-0.158953724,1
1.760192261,-0.289998952,1
1.923386926,-0.059486593,1
1.387685134,-0.405182795,1
0.045412385,-0.143081772,1
2.131393104,-0.014952983,1
-0.771908529,0.713988249,0
-1.123347124,0.065500816,0
1.300066951,-0.354187805,1
0.790138477,0.653032161,0
0.922879307,0.545217938,0
0.036648024,1.150999708,0
-0.879684095,0.721799857,0
0.361261685,0.06174381,1
1.784260502,0.084768613,1
0.206908067,0.949171062,0
-0.014577979,1.228677008,0
0.698392302,-0.537912766,1
1.007640819,0.286953568,0
0.646891506,0.364536778,0
0.883492321,-0.265259706,0
0.530737539,0.222601345,0
-0.559070954,0.091730568,0
0.800389537,0.818009081,0
1.002289711,-0.643364564,1
0.788220191,-0.53185635,1
-0.055411319,-0.235850535,1
-1.148743758,0.118603175,0
1.472460229,0.039944912,1
1.213483501,0.430300065,0
0.200535426,-0.036321117,1
0.753868096,-0.279202872,1
1.206511228,0.665140183,0
1.081652819,-0.740470244,1
0.106096194,-0.27912249,1
0.731251408,-0.84775883,1
-0.570517443,0.592173066,0
-0.568634693,0.567062937,0
2.049218399,0.667313932,1
-0.234677181,1.040497207,0
1.921544655,0.254282644,1
1.412801604,-0.316913192,1
0.931071984,0.448303964,0
-0.034038205,0.320840664,1
1.707405383,0.23043671,1
1.135994927,-0.041710971,0
1.224205684,-0.372636374,1
1.099904369,0.167300434,0
0.56090179,-0.365779752,1
1.312929998,-0.475361678,1
0.33071157,-0.221857485,1
2.229065299,0.839211144,1
2.058758451,0.438795004,1
0.892968593,0.532219314,0
-0.448151247,0.611935332,0
0.219634759,0.076531789,1
-1.195304238,-0.024008111,0
0.648434524,-0.477995236,1
1.632644962,-0.140207928,1
-0.072043145,0.958705945,0
0.779526451,0.958406392,0
0.617593819,-0.730687098,1
0.685996228,-0.358730724,1
-0.962185089,0.250143577,0
1.131773274,-0.252823397,1
-0.975030536,0.369709144,0
-0.301156744,1.208680145,0
1.342891452,-0.22036764,1
-0.035946903,0.469555444,1
1.845538776,0.221010713,1
1.831661189,0.000713366,1
0.674561637,0.026045271,1
0.80460559,0.720925117,0
0.62927132,-0.658313478,1
0.665110616,-0.224458306,1
1.189965971,-0.536861378,1
-0.722049233,0.729791003,0
1.06543228,-0.430120587,1
1.784350866,-0.462107098,1
0.786725501,-0.621199338,1
0.806410573,0.312843005,0
1.179369817,-0.424460283,1
-0.02039373,0.067161773,1
1.241361173,0.925271126,0
-0.036734605,1.167543134,0
-0.91715567,-0.208448092,0
1.221929693,-0.492332815,1
1.284488364,-0.395528686,1
0.362672449,-0.37012211,1
-0.735561896,0.230688188,0
0.821590471,-0.67769762,1
1.06305439,-0.945382915,1
0.852667496,-0.246374304,1
-0.682373121,0.248670347,0
-0.970416974,0.055249677,0
-1.273038721,0.306392058,0
-0.113229788,0.942421633,0
0.453493367,0.958417176,0
-0.612423452,0.862679709,0
0.212066809,-0.231012722,1
0.473316968,0.843895728,0
-0.918030091,0.070989592,0
1.58197273,0.120274784,1
-1.130781624,-0.029627717,0
1.730843425,-0.004910196,1
0.377763847,-0.660359471,1
1.96580289,0.543707572,1
-0.2061217,0.231407772,1
0.196527411,1.043291371,0
1.093642223,0.599797984,0
0.748636011,0.688981822,0
0.214776812,-0.641498669,1
1.471114546,0.022721231,0
1.256447222,-0.502266518,1
-1.006128296,0.121031689,0
0.019260406,0.200639041,1
0.452787393,0.715482896,0
2.276138413,0.059385525,1
-0.521670134,0.142830686,1
1.133256085,-0.005170424,0
-1.049544746,0.563687141,0
0.955115498,-0.203304696,1
0.025417094,0.921729905,0
-0.540900323,0.708806703,0
-0.258632011,1.196479309,0
1.995334215,0.055238359,1
0.791626663,-0.300015877,1
-0.325204384,0.669039568,0
-0.717456687,0.841041656,0
0.919617091,-0.368130296,1
0.516145029,0.829620159,0
0.460089394,0.793952587,0
1.610392344,-0.495304041,1
1.99758023,0.449145532,1
0.299920789,0.852607932,0
1.335985583,-0.681962732,1
-0.537975573,0.511948026,1
1.634740464,-0.733984679,1
0.17249833,1.095581745,0
0.584957496,0.204854023,1
-0.39797715,0.829393873,0
-0.240284277,0.235024088,1
0.524609803,-0.649785743,1
2.053342637,-0.238312964,1
-0.215579078,0.786315385,0
1.237382573,0.25274769,0
0.902599131,0.518462881,0
1.581231858,-0.007111593,1
-0.899044076,0.608628518,0
1.005502635,0.304383884,0
-0.449034804,0.854207616,0
0.773263021,0.490820237,0
0.108493691,0.870295607,0
-0.290454522,0.828842032,0
0.566185169,0.983368324,0
-0.082434097,0.977812313,0
-0.052305487,-0.327207101,1
0.309243596,-0.317054335,1
0.607310165,0.893933277,0
0.933490887,0.208235859,0
1.768350495,-0.312714546,1
1.84394867,-0.379971184,1
0.609273222,0.564878897,0
-0.571486287,0.40281237,1
-0.248845642,0.430175661,0
0.12287322,0.195742146,1
0.437803449,-0.116485509,1
0.702426542,-0.336928889,1
1.661538228,-0.313480798,1
1.211096068,-0.682991369,1
0.361002718,0.281073504,1
0.47787367,-0.13507777,1
0.015733696,-0.13273236,1
0.844857795,-1.033905607,1
0.017125088,0.226226671,1
2.001974846,0.611629851,1
1.790395439,-0.175750022,1
0.392346802,0.916554525,0
-0.949305848,0.834101548,0
0.427137889,0.536143567,0
0.848172407,0.730306112,0
1.768234925,-0.235745788,1
0.930459529,-0.800360466,1
-1.140081426,0.452409229,0
1.002887035,-0.806487083,1
0.192354675,0.497620046,1
0.568532331,1.078997658,0
-0.657173748,0.458199541,0
1.047504553,-0.654330327,1
0.995423187,-0.571061039,1
-1.03049871,0.620119097,0
0.508050561,-0.221205455,1
2.181075505,-0.082947019,1
1.070092231,-0.257915299,1
1.796886329,-0.292196402,1
-1.015084836,0.25752569,0
0.545722711,0.829508246,0
1.528996642,-0.553429655,1
-0.175186272,0.941469094,0
0.594027858,-0.48343361,1
0.177039967,0.521798038,1
1.312538277,-0.28819718,1
0.879044963,0.255290768,0
1.12442516,0.523847666,0
-0.034226901,-0.012388221,1
0.561514573,-0.518638901,1
1.011044723,-0.326261553,1
1.129087713,-0.32543727,1
1.70983945,0.349505809,1
0.407318384,0.726755286,0
0.049410671,0.996256144,0
0.705201743,-0.44269469,1
1.267856496,0.620673283,1
-1.067162219,0.674845872,0
-1.141906318,0.28819302,0
0.126912825,0.447597339,1
0.450834521,-0.287627791,1
-0.739377588,0.861770895,0
0.10591904,-0.143402839,1
0.162820723,0.117451634,1
-0.153807629,0.071755049,1
0.831892209,-0.516014811,1
1.240343143,0.338874238,0
1.15719794,0.241779878,0
0.49922805,0.832001394,0
1.119810222,0.79762706,0
0.932769904,-0.102259047,0
0.520930941,1.050324353,0
0.956237033,0.597366623,0
-0.870589034,0.783523088,0
-0.080525217,1.079816564,0
0.32407994,-0.331185838,1
0.145381689,-0.626068299,1
0.094973066,-0.213968579,1
-0.898565373,1.229240074,0
0.783726236,-0.644471599,1
0.241015165,-0.081518849,1
0.25700699,0.116141409,1
0.120872391,0.80989863,0
0.5083714,-0.395587368,1
1.99483062,-0.303383958,1
0.288996456,0.846660006,0
-0.778739879,0.006710502,0
0.581013588,0.538152077,0
0.959351186,0.335306658,0
0.273603316,-0.17899778,1
0.383208644,0.796844185,0
0.286340491,1.015753466,0
0.839427511,0.061482598,0
-1.059539127,0.375015086,0
0.352446094,0.047151512,1
0.824679438,0.775375352,0
0.121201352,0.272012891,1
2.171318348,0.20713737,1
0.431120273,0.891551207,0
-0.231205328,0.889102562,0
0.669431297,0.824992931,0
-0.358090439,0.874639224,0
-0.408639767,0.597606964,0
1.944564427,0.360566465,1
0.59457789,-0.380124585,1
-0.965645276,0.635489865,0
-0.796380914,-0.019264776,0
1.774657128,-0.179438599,1
0.844826303,0.041729279,0
1.339404728,-0.175077377,0
-0.569334993,0.329104407,0
-0.597610083,1.140357816,0
1.662721489,-0.149184699,1
1.767783324,0.603297241,1
-0.906384734,0.074523326,0
-1.184717534,0.129266264,0
0.480386442,-0.658248675,1
0.545149978,-0.266799137,1
0.31942672,0.602492088,1
-0.432714551,0.753321614,0
0.193742665,-0.094693392,1
1.178377096,-0.11397128,1
0.981874061,-0.187170883,1
-1.125820021,0.291727824,0
-0.697128724,0.843775193,0
1.816942465,-0.616489971,1
-0.704415073,0.884405035,0
1.77178418,-0.190833785,1
1.179944928,-0.741212362,1
0.081712234,0.608649484,1
2.097051052,0.873274547,1
-0.208362256,0.170141962,1
0.217446789,-0.199235949,1
-0.792207489,0.698611813,0
0.556748193,0.971417755,0
0.383006747,-0.461016779,1
0.103959483,-0.119760451,1
1.057306791,0.144716127,1
0.476999882,0.721465672,0
-0.075378536,-0.324038665,1
2.159199861,0.913844856,1
0.635405203,0.515976004,0
0.831843466,-0.52957345,1
0.753415066,-0.312388964,1
0.882268853,0.190086857,0
1.912765527,0.211080218,1
1.894449791,0.274245718,1
-0.972212091,0.671168665,0
0.459769588,-0.259956611,1
-0.058570516,0.396616935,1
0.469757419,-0.287135994,1
0.643871515,1.128665143,0
1.33384673,-0.76503928,1
1.729847003,0.01428732,1
1.617403506,-0.754205387,1
0.358928668,1.351416249,0
0.935792971,0.159217143,0
0.379291218,-0.330590173,1
0.085992396,0.7749421,0
0.792731059,1.002477174,0
-0.771938917,0.808285632,0
-1.078098853,0.421753002,0
0.476253484,0.954281042,0
1.044661777,-0.28664565,1
1.884646388,0.369496627,1
0.199674233,0.421518031,1
-0.122757979,0.326804307,1
1.256651414,-0.494454208,1
1.563851153,-0.251939721,1
0.689368315,-0.641209296,1
0.113956225,-0.043864373,1
0.256161403,-0.234908355,1
-0.060079004,0.536999341,1
0.712072435,0.771791344,0
-0.459571102,0.95142396,0
0.558377177,0.824991656,0
0.207532139,0.07684399,1
0.496170852,-0.250428285,1
1.724282719,-0.32396569,1
-0.227878413,1.113707063,0
0.079190049,0.748581526,0
1.428945341,-0.293047431,1
1.202832509,-0.470227999,1
1.868255818,0.086644684,1
0.338787811,0.398493496,0
-0.148942374,0.633419774,0
0.88319308,-0.29747259,1
-0.114752375,0.232544912,1
-1.270266078,0.186546761,0
-0.451959949,0.830967669,0
1.330568983,-0.48571493,1
0.982157929,0.386612153,0
1.690346655,-0.003586968,1
2.304378284,0.356697518,1
-0.236270288,0.622856404,0
1.668247513,-0.268892052,1
1.045120236,-0.245293341,0
0.482808467,1.259860255,0
-0.225763834,-0.074639338,1
0.525000507,0.938909344,0
-0.689102237,0.63570891,0
-0.952964933,0.573142335,0
0.187781257,-0.14967015,1
-1.218136845,-0.099792908,0
1.25089762,-0.700398629,1
0.740837152,-0.424945619,1
0.494380685,0.509323198,0
1.83802591,-0.209058407,1
0.572574582,-0.306401573,1
-0.466656032,0.613985975,0
-0.815723167,0.441731487,0
0.345558848,-0.50756793,1
0.184445545,-0.062208314,1
-0.053068593,0.984347809,0
2.089432147,0.43525556,1
-0.217527168,0.283573987,1
0.828215841,0.667723426,0
0.094730814,0.174664128,1
0.19403322,1.069886868,0
1.530263731,0.232369857,1
-1.021786549,0.132140473,0
1.47719992,-0.096413457,1
0.99042993,-0.574892692,1
1.810445356,0.577475798,1
1.709681066,0.293176831,1
-0.300084316,0.20770877,1
-0.737140715,0.645489918,0
0.427831639,1.02389913,0
0.586131618,0.843438935,0
0.18187188,0.124624093,1
-0.13216083,1.252098814,0
-0.166519717,0.623752077,0
0.397314967,1.269744607,0
-0.800464283,0.061993428,0
0.175514214,0.984243026,0
-0.480595144,0.844491902,0
0.555979846,0.487391527,0
-0.23205779,-0.00331723,1
0.736014361,0.686462265,0
0.26367496,-0.044773243,1
0.660347906,-0.705288073,1
-1.24340026,0.36865016,0
-0.337516312,0.717123311,0
0.041957589,1.180175475,0
0.550398536,-0.218744248,1
1.251376866,-0.401035027,1
1.370781945,-0.373588185,1
0.260536959,-0.233913843,1
-0.564099052,0.479476736,0
-0.131433669,0.910567184,0
-0.186048612,0.090183111,1
0.340185395,-0.329653109,1
0.199157772,1.536722727,0
0.0112984,0.094981889,1
-0.096719692,0.029048472,1
-0.902262382,0.811701075,0
1.941541446,0.35250236,1
1.685441093,-0.227177263,1
0.872964544,0.021966901,1
1.793337581,0.168953738,1
-0.899195189,0.190693497,0
1.400995037,-0.551570526,1
-0.867630638,0.390325906,0
0.295373424,-0.275439929,1
1.749129527,0.051128987,1
-0.747795975,-0.130857016,0
1.136164286,-0.392350039,1
1.077375747,-0.761716702,1
-0.987761812,0.520109645,0
0.868078989,-0.03637094,0
0.173658885,0.39357426,1
1.696685236,0.036502262,1
1.087802251,-0.112472032,0
0.59552118,-0.833235587,1
1.834988656,-0.140045529,1
0.547795663,1.121811342,0
0.335260782,-0.302142913,1
0.457996165,-0.223686614,1
2.004046802,0.01565198,1
0.58346825,0.602485275,1
-0.054200096,1.071101314,0
0.741711615,0.857040107,0
-0.710361904,0.629024614,0
-0.833429237,0.802416616,0
0.660940317,-0.338281855,1
0.562511202,0.259360737,1
0.328938863,0.033396158,1
1.619212066,-0.218147906,1
-1.392107608,0.200044307,0
0.698122534,-0.330721987,1
0.468880768,-0.362019508,1
-0.190474688,0.820712338,0
0.821691674,0.564711683,0
0.327379756,-0.637574317,1
0.019826942,0.224814129,1
-0.615016392,0.759380114,0
0.151993797,0.229069297,1
0.993414298,-0.09128351,0
-0.903845554,0.396858179,0
1.958939134,0.029476854,1
1.977279294,0.171387396,1
0.594665248,-0.160245545,1
0.489484381,1.314703053,0
1.839480066,-0.035856606,1
1.497597987,-0.435063316,1
-0.792883137,0.656409821,0
-0.706449042,0.539863343,0
0.658114713,0.831123932,0
0.162722264,0.156977015,1
-0.023085966,0.943724134,0
0.631635839,0.626190274,0
1.699110784,0.217422637,1
-0.387600141,0.982950204,0
0.277605081,0.879892761,0
-1.102117753,0.929338847,0
1.878656079,0.09387128,1
-0.885975581,0.361236865,0
-0.125135022,-0.096153293,1
0.761331017,-0.5383055,1
1.141934776,-0.27734849,1
0.899561765,0.595252134,0
0.095196841,0.944970304,0
-0.131802824,1.430004183,0
0.232516982,1.048698527,0
0.104135838,-0.430722839,1
1.406420054,-0.642784854,1
0.720196368,0.362430531,0
1.197598785,-0.868169518,1
-0.978652904,0.741065406,0
0.683953547,-0.730768298,1
2.016106033,-0.188532956,1
0.817839541,0.525552407,0
1.169681961,-0.25673455,1
-0.799615109,0.644248954,0
-0.217804766,0.458705378,0
0.268683349,0.711982396,0
0.280606974,-0.143825595,1
0.782852886,0.582491579,0
1.081589075,-0.053535487,0
1.83000117,-0.266982079,1
1.492152414,-0.137183028,1
1.215686512,0.460815465,0
1.853150994,0.366300509,1
1.295362496,-0.485417741,1
0.547330586,-0.566354398,1
-0.37476886,0.635632817,1
-0.628459715,0.338534341,0
0.004360676,0.929235558,0
-0.15036207,1.048689948,0
1.038088254,-0.584430681,1
1.235534816,-0.359445088,1
1.262870569,-0.449785078,1
0.358884794,1.051642956,0
0.642722651,0.124112911,1
2.104213729,0.498130502,1
-0.388536307,0.878604131,0
0.518079096,0.742203983,0
0.165488007,1.258910193,0
0.244699249,0.419056597,1
0.696753282,0.376962164,1
